{
  "extraction_summary": {
    "source_url": "https://juejin.cn/post/7326266968661557257",
    "extraction_time": "2025-08-09T11:03:54.469076",
    "total_files_saved": 5,
    "statistics": {
      "concepts_count": 4,
      "rules_count": 2,
      "patterns_count": 1,
      "cases_count": 1,
      "mappings_count": 2
    }
  },
  "saved_files": [
    "shared_data\\knowledge_base\\基础概念_什么是流程图与流程分析1_背景介绍_流程图_Flowchart_和流程分析_Process_Analysis_掘金_concepts.json",
    "shared_data\\knowledge_base\\基础概念_什么是流程图与流程分析1_背景介绍_流程图_Flowchart_和流程分析_Process_Analysis_掘金_rules.json",
    "shared_data\\knowledge_base\\基础概念_什么是流程图与流程分析1_背景介绍_流程图_Flowchart_和流程分析_Process_Analysis_掘金_patterns.json",
    "shared_data\\knowledge_base\\基础概念_什么是流程图与流程分析1_背景介绍_流程图_Flowchart_和流程分析_Process_Analysis_掘金_cases.json",
    "shared_data\\knowledge_base\\基础概念_什么是流程图与流程分析1_背景介绍_流程图_Flowchart_和流程分析_Process_Analysis_掘金_nlp_mappings.json"
  ],
  "knowledge_base_structure": {
    "dfd_concepts": "元素定义表（概念库）",
    "dfd_rules": "规则库（层次、连接、命名规则）",
    "dfd_patterns": "模板库（模式库）",
    "dfd_cases": "错误/示例案例库",
    "dfd_nlp_mappings": "自然语言映射规则库"
  }
}