{
  "table_name": "dfd_rules",
  "description": "DFD规则库（分为层次规则、连接规则、命名规则）",
  "schema": {
    "id": "text (主键)",
    "category": "text (规则分类)",
    "description": "text (规则说明)",
    "condition": "text (条件语法)",
    "validation": "text (验证表达式)"
  },
  "data": [
    {
      "id": "hi-01",
      "category": "hierarchy",
      "description": "分层结构规则",
      "condition": "hierarchy_condition",
      "validation": "check_hierarchy_rules()"
    },
    {
      "id": "co-02",
      "category": "connection",
      "description": "连接规则",
      "condition": "connection_condition",
      "validation": "check_connection_rules()"
    }
  ],
  "metadata": {
    "source_url": "https://juejin.cn/post/7326266968661557257",
    "source_title": "基础概念:什么是流程图与流程分析1.背景介绍 流程图（Flowchart）和流程分析（Process Analysis） - 掘金",
    "crawl_time": "2025-08-09T11:03:54.465671",
    "extraction_method": "基于配置文件的自动提取",
    "topic": "DFD"
  }
}