{
  "table_name": "dfd_cases",
  "description": "DFD错误/示例案例库",
  "schema": {
    "id": "text (案例ID)",
    "type": "text (error_case 或 best_practice)",
    "description": "text (描述)",
    "incorrect": "jsonb (错误结构)",
    "correct": "jsonb (正确结构)",
    "explanation": "text (说明解释)"
  },
  "data": [
    {
      "id": "case-err-001",
      "type": "error_case",
      "description": "从网页内容中识别的DFD绘制错误案例",
      "incorrect": {
        "elements": [
          "错误的元素连接"
        ],
        "flows": [
          "不规范的数据流"
        ]
      },
      "correct": {
        "elements": [
          "正确的元素连接"
        ],
        "flows": [
          "规范的数据流"
        ]
      },
      "explanation": "基于网页内容总结的错误原因和改正方法"
    }
  ],
  "metadata": {
    "source_url": "https://juejin.cn/post/7326266968661557257",
    "source_title": "基础概念:什么是流程图与流程分析1.背景介绍 流程图（Flowchart）和流程分析（Process Analysis） - 掘金",
    "crawl_time": "2025-08-09T11:03:54.465671",
    "extraction_method": "基于配置文件的自动提取",
    "topic": "DFD"
  }
}