{
  "table_name": "dfd_rules",
  "description": "DFD规则库（分为层次规则、连接规则、命名规则）",
  "schema": {
    "id": "text (主键)",
    "category": "text (规则分类)",
    "description": "text (规则说明)",
    "condition": "text (条件语法)",
    "validation": "text (验证表达式)"
  },
  "data": [
    {
      "id": "hi-01",
      "category": "hierarchy",
      "description": "分层结构规则",
      "condition": "hierarchy_condition",
      "validation": "check_hierarchy_rules()"
    }
  ],
  "metadata": {
    "source_url": "https://www.feishu.cn/template/general-data-flow-diagram",
    "source_title": "无标题",
    "crawl_time": "2025-08-09T11:06:15.756958",
    "extraction_method": "基于配置文件的自动提取",
    "topic": "DFD"
  }
}